experience	degree	performance	sales	days_late	bonus	employee_name
31	1	6.11	29	14	197	Alyssa Schmidt
35	1	9.55	44	8	314	Riley Roberts
9	1	2.64	26	20	88	Jenna Glover
40	1	0.22	13	7	233	Timothy Pope
18	1	6.46	11	13	108	Caroline Walters
0	1	4.57	72	0	101	Heather Price
31	0	3.38	83	9	61	Edward Esparza
14	1	5.63	27	9	112	Dustin Martinez
37	1	0.03	13	7	183	Kathryn Pugh
16	1	1.1	7	16	92	Stacey Quinn
36	1	5.3	18	18	225	Christopher Manning
11	1	5.35	17	18	107	Brent Davis
34	1	3.88	53	4	234	Jennifer Andersen
28	1	1.52	58	16	161	Robert Mcdonald
5	1	2.96	33	7	52	Victoria Campbell
13	1	8.01	23	17	129	Allison Cannon
1	0	1.02	71	17	17	Chad Williams
29	1	7.08	99	1	346	Amy Mccullough
17	1	9.15	61	0	227	William Hernandez
2	1	4.43	14	5	37	Ashley White
20	1	7.28	82	2	263	Charles Bell
34	1	2.45	97	6	260	Patrick Campbell
16	1	6.03	64	2	182	Kelly Smith
39	1	4.9	5	3	235	Brittany Fox
18	1	4.87	87	9	203	Sean Reyes
8	1	7.12	28	6	110	Eric Stafford
24	0	3.37	16	0	14	James Gomez
33	0	9.76	52	6	134	David Parker
38	1	7.55	46	11	278	Shawn Edwards
24	0	1.9	61	20	22	Jesse Wilson
27	1	1.55	57	15	152	Jose Austin
37	0	6.24	42	3	88	Michael Roberts
37	1	8.07	30	17	243	Jennifer Anderson
29	0	0.1	14	4	0	Sue Collins
11	1	0.18	6	19	62	Kelly Garza
37	1	4.6	33	5	259	Dale Porter
8	1	9.11	11	16	78	Madison White
21	0	9.87	81	14	196	Tyler Davis
23	0	9.43	99	3	213	James Smith
31	1	1.01	51	0	193	Christy Medina
21	1	5.1	90	19	225	Lisa Williams
7	1	9.08	77	11	220	Zachary Lawrence
26	1	5.97	68	15	250	Sarah Williams
10	1	1.98	24	20	49	Heather Strong
33	1	8.98	58	5	310	Rebecca Reed
8	1	1.85	13	6	72	Drew Davis
3	0	9.95	42	1	107	Robert Brown
10	1	7.01	9	19	75	Laurie Phillips
5	1	9.83	8	13	85	Brian Bradley
32	1	1.99	8	16	181	Robert Brock
1	1	1.41	25	4	38	Rebecca Rivers
21	1	9.16	35	10	221	Robert Aguilar
1	0	2.35	80	19	45	Vernon Leonard
36	0	9.76	6	9	10	James Meza
10	0	8.26	52	9	122	David Clark
10	1	9.4	4	12	90	Morgan Erickson
30	1	5.4	79	8	269	Danielle Mitchell
31	1	6.06	93	6	297	Jesse Young
18	1	1.08	23	16	100	Kirk Merritt
20	0	7.94	13	12	42	Jennifer Shah
40	1	4.0	35	12	259	John Hebert
36	1	3.5	93	19	285	Heather Barron
13	1	3.69	3	17	66	Stephen Thompson
11	0	7.29	91	11	159	Briana Sellers
16	1	4.61	61	6	178	Sarah Fields
9	1	7.62	90	9	230	Sharon Tucker
4	1	4.63	31	1	90	Paul Cunningham DVM
25	0	2.39	9	8	0	Janice Diaz
26	0	3.25	3	6	11	Wendy Chaney
20	1	7.69	49	18	189	Travis Reed
32	1	8.42	36	14	266	Stephanie Fernandez
36	0	6.82	24	7	49	Paul Jackson
38	1	1.98	90	15	258	Jordan Fox
21	1	2.27	37	14	132	Julie Walsh
28	1	5.12	32	2	214	Kristin White
29	1	6.41	10	14	190	Crystal Thomas
40	0	1.46	35	0	3	Daniel Scott
23	1	8.28	50	15	211	Tammy Garcia
24	0	6.03	76	1	114	Sarah Collins
0	0	2.61	90	11	51	Jessica Johnson
31	0	1.62	52	5	13	Mark Wallace
36	0	8.29	3	6	6	Mary White
19	0	3.75	53	11	51	Wanda Flores
33	1	1.94	56	5	235	Jennifer Bailey
15	1	9.72	96	5	323	Cindy Kelly
14	1	3.2	18	2	109	Dennis Matthews
23	1	2.47	57	20	156	Austin Rhodes
38	0	4.73	40	4	59	Samuel Ramos
30	1	6.03	66	0	263	Eric Tate
22	1	4.55	34	0	182	Joshua Hooper
29	1	6.04	75	10	291	Amy Chan
6	1	0.43	30	4	42	Jason Hanson
33	1	1.86	68	1	221	Larry Park
37	0	8.79	39	9	70	James Sims
0	1	5.5	26	5	53	Erik Jackson
10	1	1.88	87	19	97	Ashlee Hampton
33	0	4.14	31	10	12	Helen Mccarthy
16	0	2.22	26	11	4	Daniel Jacobs
25	1	5.14	39	20	203	Brian Mccormick
36	1	1.8	16	18	211	Rhonda Rodriguez
18	1	2.24	9	1	135	Dr. Michael Fowler
24	0	0.95	90	4	52	Jesse Lloyd
5	1	6.63	95	13	192	Kathryn Bailey
7	0	1.09	56	19	1	Nancy Bowman
21	1	6.42	99	15	283	Brandi Harris
3	1	3.09	49	16	84	Ryan Griffin
26	1	5.47	19	7	159	Mr. Chris Santos
38	1	1.86	54	0	225	Tiffany Edwards
39	0	3.89	91	0	96	Mrs. Lauren Christensen MD
28	1	1.43	86	5	199	James Romero
27	1	8.35	59	16	257	David Brown
13	1	4.02	12	17	102	Isaiah Mata
5	1	2.78	7	19	26	Stephen Davis
10	1	0.63	90	20	65	Daniel Williams III
33	1	2.73	29	0	198	Debra Mejia
32	1	8.67	99	13	386	Christopher Miller
1	1	8.68	18	6	86	Terry Park
23	1	5.75	68	15	214	Susan Garza
22	1	4.16	3	13	109	Becky Roberts
33	1	4.59	82	2	284	Adam White
11	1	0.7	67	9	71	Jennifer Mcgrath
35	0	1.17	50	15	0	Lisa Andrews
7	1	4.84	61	15	110	Brian Miller
4	1	1.79	57	10	48	Nathaniel Burke
13	1	7.69	55	19	179	Kelsey Figueroa
15	1	4.63	100	6	217	Luke Bell
27	1	9.6	77	3	348	Erica Evans
37	1	8.02	54	16	284	Brenda Schmidt
4	1	9.6	15	12	90	Robert Frank
11	1	0.33	5	19	40	Connie Ruiz
3	1	2.98	21	19	47	Phillip Cobb
9	1	3.68	93	13	146	Rebecca Cox
23	1	9.36	37	16	228	Lauren Butler
26	1	1.35	65	16	174	Daniel Reyes
2	1	7.83	60	16	133	Amy Johnson
18	1	5.13	69	5	180	Nicolas Jordan
21	1	4.81	47	1	193	Diana Jones
6	1	8.18	93	0	253	Charles Burke
23	1	0.64	62	16	154	Scott Clayton
35	1	5.31	20	9	236	Jose Nunez
17	1	9.63	72	13	248	Dr. Jacob Washington
12	1	0.61	29	19	68	Mary White
35	1	3.56	59	16	247	Dustin Jones
30	0	5.98	92	7	145	Jillian Harper
7	1	1.8	38	2	73	Timothy Myers
16	1	1.7	60	5	149	Stacy English
30	0	8.69	12	18	28	Paul Peterson
14	1	8.87	10	6	141	Natalie Cooper
34	1	7.31	17	13	211	Trevor Bell
11	0	9.67	14	12	41	Derek Marquez
19	0	9.81	33	4	91	Philip Brown
20	1	1.1	87	16	134	Juan Rodriguez
17	1	2.43	54	8	130	Desiree Hale
22	1	5.11	39	16	162	Angel Choi
16	1	5.69	60	16	191	Linda Coleman
27	0	2.13	42	0	26	Vincent Hart
31	0	6.35	98	19	149	Laurie Spencer
36	0	3.09	61	7	41	Randy Foster
19	1	3.8	36	8	131	Zachary Madden
22	0	6.6	7	14	2	Clayton Bernard
7	1	4.1	88	0	169	Abigail Wood
4	1	1.26	83	14	69	Gavin Henry
20	1	8.97	73	12	256	Becky Campbell
11	0	8.85	11	0	53	Keith Carson
16	1	2.45	16	8	110	Mary Williams
4	1	2.31	54	10	58	Cynthia Price
6	1	4.07	44	5	81	Shannon Johnson
31	1	4.83	18	13	199	Robert Barrera
32	1	7.19	39	8	265	Barbara Hood
33	1	9.45	4	5	213	Ebony Cooper
20	0	9.1	61	1	123	Zachary Williams
0	1	6.69	100	15	173	Allen Jackson
33	0	1.82	44	9	2	Amber Hensley
2	1	5.19	91	17	135	David Smith
26	0	3.02	35	8	9	Nicole Jacobs
12	0	9.26	62	9	151	Joseph Blankenship
27	1	0.08	30	19	127	Charles Johnson
11	1	2.03	100	8	121	Joanna Rogers
8	1	3.8	79	11	146	Jenna Contreras
25	1	0.12	39	15	131	Casey Gordon
31	1	5.54	92	18	288	Melvin Howell
0	1	5.35	44	7	73	Michelle Archer
21	1	7.61	53	0	250	Yolanda Floyd
19	1	6.33	59	5	213	Randall Kim
32	0	7.5	6	3	34	Luis Bell
39	0	5.81	47	11	53	Edward Rivers
21	1	7.51	38	19	197	Eric Cross
7	1	1.1	61	19	56	Yvonne Young
13	1	3.53	71	16	137	Crystal Hernandez
13	1	7.14	57	0	209	Mary Briggs
32	1	1.16	58	14	210	Jon Richmond
28	1	9.33	56	8	269	Andrew Trevino
12	1	5.77	35	3	150	Michelle Arnold
34	1	4.6	63	6	247	Janet Webster
31	0	3.41	48	4	41	Brittany Flores
20	1	7.0	75	14	243	Andrew Tucker
35	1	6.28	27	9	244	Nathan Ross
38	1	6.78	10	7	240	Amy Wolfe
39	0	5.95	16	1	32	Cynthia Richardson
22	1	5.25	70	18	222	Linda Joseph
9	1	7.16	27	5	128	Samuel Diaz
8	1	4.68	52	7	102	Lisa Luna
10	1	3.92	45	9	99	Michael Hayes
29	1	6.63	99	11	338	Terrance Anderson
12	1	2.97	55	5	114	Jordan Mccoy
14	1	1.16	35	18	99	Meagan Carey
24	0	5.85	93	8	119	Tyler Holland
22	1	1.52	11	18	132	Tanya Harris
36	1	4.45	10	18	186	Shelley Pena
8	0	0.65	27	13	0	Samantha Garcia
9	1	2.17	94	13	111	Dustin Murray
37	1	1.44	41	6	240	Joseph Estrada
14	1	5.24	1	1	109	Carolyn Tucker
2	1	0.97	60	12	28	Bryan Hammond
24	1	4.17	89	0	232	Kathryn Bell
7	1	8.69	70	4	187	Dominic Rodriguez
1	0	5.83	35	13	48	Brian Nguyen
1	1	5.91	29	9	58	Joshua Zavala
24	1	8.64	94	2	339	Tracy Reyes
24	1	8.93	43	17	246	Joshua Conway
20	1	4.55	11	7	127	Christopher Richmond
5	1	3.29	75	17	89	Micheal Gregory
23	1	7.99	13	15	149	Mark Miles
23	0	7.52	23	12	57	Scott Reyes
18	1	3.27	2	4	112	Ana Fisher
37	0	1.06	80	10	24	Thomas Watkins
5	1	6.36	6	19	61	Jessica Johnson
3	0	3.99	74	2	92	Colton Peterson
5	1	2.31	8	0	72	Scott Watson
34	1	7.45	53	4	292	Nicolas Kirk
21	1	9.25	83	3	316	Ronald Carr
8	1	1.04	9	10	67	Haley Anderson
35	0	4.3	37	0	42	Susan Lang
38	0	2.97	58	16	40	Andrew Bullock
28	1	5.47	27	19	169	Joshua Booth
24	1	3.67	7	8	163	John Hardy
11	1	2.68	61	4	108	Aaron Garza
26	0	5.22	82	13	115	Kendra Walker
40	1	7.92	33	12	279	Gabriela Buchanan
36	0	0.76	87	17	5	Tammie Davis
25	1	7.47	54	17	244	Jenny Ortiz
27	0	9.04	13	14	34	Rebecca Higgins
18	1	1.8	98	19	145	Christopher Mccarthy
13	1	1.09	19	20	71	Robert Reed
8	1	9.89	25	8	129	Gary Rodriguez
31	0	0.58	91	4	20	Howard Bell
14	1	1.41	5	19	70	Aaron Burch
17	1	8.95	88	19	281	Brianna Anderson
17	1	5.96	53	17	173	Erin Calhoun
11	1	4.63	42	5	121	Jeffrey Liu
28	0	8.44	98	5	189	Samuel Evans
4	0	9.54	45	8	111	Karen Poole
37	1	0.79	41	5	217	Bryce Clark
39	0	8.65	27	11	52	Rachel Rollins
23	1	1.82	50	4	151	Jason Kennedy
12	1	0.22	6	18	61	Riley Price
38	0	3.45	99	8	92	Renee Matthews
28	1	9.74	90	3	361	Emily Smith
40	0	6.29	24	10	28	Deborah Guerrero
14	1	3.34	55	12	141	David Robinson
16	1	1.27	27	0	130	Katrina Howard
14	1	5.34	58	18	161	Jennifer Tate
23	1	5.01	31	4	190	Tyler Davis
37	1	6.75	3	5	229	Jessica Moore
27	1	2.0	74	12	195	Jerry Williams
30	1	1.4	26	17	151	Jeffrey Brown
15	1	7.61	4	0	104	Hayley Jones
19	0	0.14	30	9	7	John Huffman
39	1	6.57	74	0	337	Anna Mendoza
27	1	7.8	34	1	244	James Perry
27	1	2.31	11	1	178	John Davis
23	0	7.74	69	8	137	Jill Maxwell
23	0	6.15	62	13	86	Jennifer Wheeler
2	1	7.14	91	10	189	Alexandra Arellano
37	1	9.4	62	3	335	Caitlyn Taylor
4	1	1.86	59	19	46	Cassandra Wright
2	0	8.85	51	18	108	Ronald Oconnell
13	1	2.58	61	12	128	Darren Cervantes
34	0	5.9	5	8	28	Katrina Hicks
17	0	5.89	5	17	16	Steven Ortega
20	1	6.14	33	4	160	Marissa Bradshaw DDS
26	1	0.04	5	11	133	Reginald Pierce
25	1	8.71	9	7	192	Ashley Roberts
25	1	0.17	45	5	133	Beth Dixon
19	1	6.56	20	6	165	Michael Butler
32	1	5.25	4	8	170	Stephen Phillips
33	1	1.78	92	20	227	Lindsay Fisher
0	1	9.19	12	20	46	Sherry Bryant
13	1	3.24	8	7	90	David Thomas
6	1	9.74	97	0	297	Gregory King
36	1	6.6	61	8	295	Nathaniel Small
15	1	9.05	45	14	187	Autumn Howe
28	1	1.25	41	4	183	Amy Palmer
7	1	0.95	53	9	84	Lauren Larson
6	1	3.51	12	2	50	Wendy Sims
29	1	4.15	83	18	226	Becky Brown
30	1	9.46	44	6	270	Ernest Delacruz
36	1	7.39	51	8	297	Andrew Smith
9	1	2.58	91	20	106	Ashley Thomas
20	0	2.54	93	11	66	Jennifer Farrell
26	0	7.77	39	4	72	Adam Gonzalez
37	1	4.39	47	13	232	Laura Coleman
2	1	1.16	50	5	46	Dana Stephens
11	1	5.96	22	4	102	Tyler May
40	1	2.72	94	5	303	Holly Cisneros
26	1	7.52	65	0	273	Cory Peterson
11	0	8.07	15	17	35	Elizabeth Park
36	0	4.77	11	12	15	Jennifer Ward
9	0	6.0	58	17	89	Nicholas Sherman
40	1	4.66	20	20	238	Brandon Jones
35	1	7.77	74	3	327	Michael Collins
29	1	3.68	11	13	172	Lindsey Wallace
17	1	7.37	93	6	255	Joyce Webb
18	0	2.9	22	6	4	Heather Rojas
31	1	9.02	100	20	386	Julie Mccarthy
26	1	4.34	16	2	183	Stuart Williams
32	1	5.13	47	18	244	Curtis Johnson
10	1	5.48	92	9	206	Kimberly White
25	0	9.11	68	7	134	Hannah Smith
34	0	5.22	11	8	0	Sarah Ramos
38	0	6.66	67	6	124	Justin Miller
3	0	6.36	7	18	0	James Wall
10	1	9.17	21	3	146	Alyssa Anderson
29	0	9.33	3	1	15	Brittney Stevens
28	1	2.64	46	13	185	Rachel Ross
10	1	4.1	49	12	114	David Williams
10	0	5.46	98	11	126	Kelly Young
22	1	4.07	100	8	237	Amanda Wheeler
7	1	0.25	27	9	41	Brittany Marquez
22	1	7.75	37	10	207	Ebony Hudson
24	1	2.8	12	7	138	Lauren Stephens
38	1	7.12	4	14	233	Dean Wilcox
18	1	8.4	7	12	123	Jennifer Irwin
32	0	4.34	10	1	33	Eric Newton
10	1	0.47	21	9	83	Mary Cook
5	1	2.87	12	20	35	Lauren Klein
40	1	1.21	61	10	252	Bridget Matthews
31	1	6.12	81	6	278	Melissa Mcconnell
1	1	9.8	63	20	143	Monica Reyes
11	1	3.42	83	13	136	Alan Boyle
37	0	0.86	45	0	2	Mario Marshall
22	0	1.73	66	14	19	Felicia Harris
32	1	9.73	59	3	334	Holly Dominguez
25	0	2.95	81	7	78	Shelby Washington
29	1	0.65	56	17	174	Debbie Robinson
14	0	0.82	48	10	2	Ann Davis
14	1	5.17	90	5	202	Janet Robinson
23	1	0.54	30	8	149	Nathan Berry
29	0	0.8	49	18	9	Brian Koch
27	1	0.3	30	20	145	Rebecca Melton
35	1	8.11	79	5	340	Tyler Wells
17	1	9.21	78	5	273	Eugene Brown
5	1	9.7	100	18	278	Susan Richardson
1	1	7.53	49	2	125	Shawn Williams
16	1	9.3	47	19	197	Timothy Moran
39	0	1.33	20	17	0	Laura Smith
10	1	6.74	13	12	88	Scott Murphy
10	1	8.18	55	17	170	John Anderson
18	0	8.44	37	12	85	Allison Lopez
2	0	5.22	27	12	21	Richard Atkinson
7	0	1.15	2	4	0	Christina Burgess
0	0	5.14	13	2	5	Samuel Garrett
26	0	2.55	85	18	34	Kimberly Foster
5	0	9.59	20	7	60	Brandy Lawrence
13	1	0.8	34	0	100	Robert Jones
22	1	0.57	89	15	145	Sarah Gomez
30	1	8.27	22	9	200	Paul Hale
16	1	5.93	16	17	110	Christopher Graham
23	1	9.43	19	15	174	Jeffrey Lee
28	1	1.17	63	3	191	Ronald Patrick
4	0	4.02	69	5	64	Dr. Christopher Branch
27	1	9.6	54	8	287	Allen Newman
27	0	6.49	97	12	128	Jermaine Oneal
6	0	9.95	94	3	225	Angela Hayden
25	1	2.34	1	14	143	John Richard
9	1	5.04	40	3	129	Chelsea Horn
14	1	2.77	81	11	135	Jose Ryan
22	0	2.87	1	18	3	Denise Bishop
23	1	9.75	81	4	316	Cathy Ryan
21	1	2.62	77	4	182	Allen Harris
37	1	1.24	55	5	244	Richard Hayes
32	1	4.64	37	13	208	Bryan Peters
29	0	9.87	31	2	66	Calvin Nolan
22	1	4.26	72	7	211	April Clark
9	1	8.4	16	1	108	Shane Mitchell
27	1	0.02	22	9	134	Gloria Thompson
13	1	4.62	62	19	139	Samantha Evans
1	1	4.44	68	12	114	Dana Lester
15	1	2.25	43	14	122	Benjamin Griffin
20	1	7.93	28	15	186	Victor Bishop
34	1	7.37	13	4	217	Nathan Dixon
25	0	4.81	99	0	129	Paul Lowery
34	1	3.84	24	2	235	Nancy Smith DVM
27	1	1.11	46	12	148	Ashley Warner
16	0	0.5	74	4	16	Sarah Collins DDS
38	1	4.41	98	20	318	Carla Hughes
14	1	5.41	79	10	177	Donald Henry
16	0	0.43	61	19	3	Amy Gamble
27	0	1.22	75	11	11	David Ferguson
9	1	9.4	74	12	207	Wayne Hansen
26	0	2.59	0	12	0	Benjamin Smith
23	1	3.41	45	17	166	Danielle Edwards
18	0	6.48	99	6	158	Lisa Gross
22	1	9.16	90	2	334	Kevin Johnson
21	0	3.91	74	2	70	Daniel Villegas
4	1	5.56	90	19	168	Lisa Cain
40	1	8.98	25	18	276	Stephanie Jordan
2	1	7.48	52	5	143	Kathy Peck
34	1	8.89	6	8	230	Alan Patterson
12	1	5.53	97	2	215	Allen Jackson
15	1	9.23	54	10	199	Richard Ochoa Jr.
33	1	8.95	65	2	343	Amanda Evans
37	1	1.2	17	8	193	Carmen Sanchez DDS
0	1	7.26	27	6	72	Alyssa Wright
7	1	0.24	96	8	58	Katherine Cantrell
36	1	2.26	0	16	182	Marissa Brown
8	0	8.03	69	12	125	Kristina Anderson
21	1	2.45	72	0	172	Jerry Lopez
40	0	9.96	53	0	146	Christina Herrera
34	1	1.82	74	14	239	David Taylor
29	1	5.88	80	2	304	Shane Morales
6	0	3.03	96	14	72	Brandon Mccoy
7	1	5.96	34	3	118	Adam Adams
15	1	2.59	32	0	113	David Bender
2	0	8.9	92	18	197	Stephanie Ramos
3	1	5.9	90	18	150	Mark Khan
7	0	3.98	38	8	36	Elizabeth Williams
32	0	0.25	69	2	30	William Johnson
3	1	8.06	78	16	186	Christina Brooks
30	0	9.58	59	11	114	Evelyn Martinez
28	0	3.52	3	9	0	Dawn Chapman
6	0	8.29	9	3	44	Thomas Collins
15	1	0.52	56	3	118	Kathryn Wells
33	0	9.56	63	10	161	Keith Thomas
0	0	4.6	17	12	23	Erik Murphy
36	1	2.13	65	8	243	Breanna Keller
36	1	7.05	88	9	339	Kevin Poole
6	1	1.39	95	12	76	Mario Sweeney
40	1	9.31	2	7	241	Jennifer Wilson
2	1	0.61	5	19	5	Stephanie Freeman
38	0	5.6	41	2	70	James Williams
25	1	4.0	61	14	181	Charles Osborn
36	1	5.36	20	20	199	Danny Holmes
6	1	9.47	32	12	106	Kevin Love
40	1	3.43	92	16	302	Stephen Cuevas
18	0	1.56	76	12	22	Gloria Winters
34	1	5.37	40	3	264	Kenneth Kane
1	0	2.69	19	2	35	Marc Taylor
20	0	4.43	62	15	42	Vanessa May
12	1	6.95	22	13	114	Rebecca Thomas
6	1	3.22	9	1	51	Kelly Thompson
38	1	5.32	27	18	246	Samantha Smith
7	1	6.47	30	6	123	Tracy Howe
10	1	8.69	43	20	143	Lori Williams
24	1	2.6	15	9	142	Kevin Lucas
20	1	9.37	84	8	312	Margaret Gonzalez
26	1	8.78	56	18	269	Tracy Martinez
7	1	1.42	11	3	63	Christopher Johnson
25	1	5.71	74	9	247	Rhonda Drake
21	1	1.68	12	9	132	Annette Romero
32	0	9.69	31	15	75	Sarah Jackson
8	1	4.39	38	9	97	Steve Chaney
15	1	4.6	4	10	95	Raymond Porter
13	1	2.88	92	4	162	Lori Cannon
28	1	9.21	6	16	194	Jamie Richardson
2	1	5.99	44	18	90	Daniel Bailey
26	0	0.08	38	20	0	Sonya Newman
9	1	0.79	34	20	57	Daniel Scott
27	1	1.26	40	3	188	Blake Larson
22	1	2.37	27	7	160	Deborah Short
18	0	2.03	71	6	25	Bruce Fisher
19	1	1.77	64	19	123	Rachel Goodman
30	1	0.65	66	9	176	Shane Campbell
26	0	8.47	78	18	149	Sandra Evans
39	1	0.72	54	13	233	Virginia Gray
35	0	0.51	82	7	12	Ryan Rodriguez
4	1	1.8	13	15	30	Chris Bonilla
34	1	3.29	21	11	215	Nicole Phillips
11	1	0.4	78	9	98	Nicholas Baker
27	0	8.94	27	20	35	Pamela Richards
17	1	1.11	69	6	139	Tracy Keller
18	1	7.4	15	15	116	Michael Jackson
6	0	6.11	46	10	77	Carlos Martin
37	0	3.38	35	1	29	Cheryl Williams
16	1	6.5	52	8	195	Erik Hayes
34	1	6.72	93	10	328	Daniel Davenport
36	1	5.07	96	10	328	Steven Edwards
0	0	4.72	63	1	86	Tiffany Reese
5	1	8.63	1	10	62	David Williams
15	0	0.33	64	17	15	Charles Munoz
1	1	2.83	67	6	85	Kelly Castillo
38	0	4.45	52	18	67	James Nguyen
20	1	3.43	1	15	109	Mrs. Alicia Walker
39	0	4.0	54	16	56	Christopher Callahan
11	0	5.34	41	10	61	Shawn Spears
26	1	8.62	94	2	351	Mr. William Myers Jr.
30	1	0.02	11	20	150	Erin Vazquez
30	1	6.75	78	15	305	Michele Spence
18	1	9.88	36	16	186	Stephen Mitchell
21	0	8.63	58	20	129	Jessica Wallace
28	1	5.38	36	4	224	Daniel Holland
15	1	4.72	41	6	134	Kimberly Hughes
12	1	6.66	19	8	108	Douglas Webster
17	1	7.11	0	20	85	Carlos Lee
7	1	7.51	8	0	78	Lori Sellers
39	1	2.77	71	14	253	Jennifer Smith
4	1	1.09	99	15	88	Jacqueline Santiago
26	0	9.94	68	0	178	Andrew Gibson
39	1	5.84	22	2	237	Melissa Vance
13	1	5.81	29	18	106	Mark Butler
4	1	3.28	100	3	132	Natalie Galvan
3	1	9.24	44	9	121	Nicole Ramirez
24	1	6.75	60	10	225	Katelyn Valencia
30	1	5.94	68	3	267	Tammy Kidd
7	1	0.62	71	20	63	Joseph Manning
31	0	4.43	34	9	45	Andrew Long
21	1	4.57	85	5	239	Tyler Miller
23	0	5.59	100	0	123	Jennifer Shields
17	0	4.93	77	2	116	Thomas Daniels
8	1	1.36	74	13	99	David Larson
10	1	5.24	95	12	195	Lisa Gonzalez
7	1	0.14	91	11	73	Denise Gilbert
17	0	4.57	6	3	0	Monica Jones
26	1	3.0	38	12	162	Grant Knox
35	1	9.03	84	5	364	Christy Cox
5	1	6.04	67	12	150	Gerald Burch
10	1	0.53	35	17	78	Joe Stephenson
38	1	1.95	91	8	241	Jennifer Dominguez
11	1	8.16	93	3	270	Dana Gray
2	0	6.9	68	4	136	Jennifer Armstrong
33	1	8.55	12	15	218	Jacqueline Anderson
40	1	7.55	63	8	333	Jason Williams
7	1	8.75	20	5	97	Dr. Kathleen Bailey
26	1	5.03	81	12	253	Tiffany Munoz
30	1	3.1	54	12	221	Keith Ewing
6	0	2.58	7	9	0	Lisa Medina
4	1	6.38	34	1	117	Jillian Martinez
37	1	5.25	80	7	327	Justin Palmer
9	0	5.37	71	16	104	Gregory Vega
33	0	2.91	78	13	54	Charles Stephens
4	1	7.8	17	11	85	Timothy Lopez
0	1	0.24	72	17	33	Nicholas Davis
19	1	5.74	26	17	136	Cristian Aguilar
33	1	3.9	51	18	214	Andrew Logan
3	1	1.91	23	9	25	Monica Thomas
14	0	0.56	32	8	0	Joshua Brown
13	1	6.85	91	7	239	Dominique Lewis
19	1	8.5	87	8	305	Robert Cummings
37	1	2.11	24	6	236	Andrea Andrade
2	1	7.55	75	5	181	Casey Payne
17	1	2.56	42	11	135	Crystal Meyer
18	0	1.28	9	5	7	Laurie Hardy
17	1	4.24	24	13	108	Connor Arellano
30	1	2.24	9	20	141	Tanya Keller
11	1	5.42	97	0	216	Andrea Gay
25	1	6.38	84	18	268	Natasha Johnson
26	1	3.94	15	5	176	Steve Walker
19	0	1.92	1	0	1	Daniel Crawford
21	1	0.58	52	17	112	Kimberly Jefferson
31	1	3.76	69	8	233	Valerie Ramirez
8	1	9.65	2	12	52	David Rhodes
21	0	6.47	94	2	163	Ryan Mcdonald
19	1	9.21	65	8	248	Barbara Moore
1	0	5.47	66	4	74	Wayne Williams
5	0	4.75	93	3	109	Dr. Rebecca Parrish
13	1	0.06	7	6	74	Linda Taylor
20	1	1.75	82	5	161	Juan Lopez
30	1	2.28	63	20	215	Ryan Rios
0	1	2.65	47	5	58	Mr. Jason Austin IV
9	1	1.26	76	18	74	Kelly Powell
33	1	5.83	92	1	334	Vernon Simmons
2	1	1.44	18	19	27	John Simpson
29	1	8.44	19	14	196	Ronnie Walker
7	1	4.9	90	20	133	David Smith
21	1	8.72	42	0	213	Elizabeth Ortega
30	1	7.7	75	3	328	Jacqueline Gonzalez
6	1	0.12	5	6	62	Theresa Waller
40	1	3.9	91	2	329	Brittany Moore
33	1	2.03	70	2	210	Trevor Martinez
2	0	9.26	17	20	42	Brenda Rice
12	1	1.29	33	10	92	Kevin Wiley
5	0	0.24	50	20	1	Rhonda Roberts
22	1	1.43	73	7	171	Pamela Garcia
35	1	5.36	75	18	270	Keith Barton
4	1	0.45	51	7	54	Ryan Hill
31	1	5.69	100	0	330	Stephanie Alexander
27	1	3.6	88	10	243	Kimberly Washington
6	1	1.44	50	7	89	Mary Daniels
31	1	8.99	44	19	266	Gary Miller
0	1	6.42	24	14	72	Taylor Cook
35	1	6.44	1	16	174	Roger Dyer
10	1	6.74	93	17	218	Katherine Duran
33	1	8.54	85	3	347	Morgan Frank
4	0	9.43	85	4	201	Alexandra Yoder
7	1	9.1	12	7	83	Sean Murphy
5	0	4.51	84	16	86	Erin Hart
28	1	5.96	21	3	184	Jeremy Francis
29	1	5.12	93	16	262	Hannah Caldwell
10	1	3.17	13	2	77	Frances Adkins
1	1	2.06	97	8	100	Marissa Dunlap
4	1	6.74	57	17	110	Timothy Sloan
24	0	5.62	51	2	68	Melissa Atkins
0	0	2.84	34	4	14	Robert Lopez
11	0	8.69	49	0	131	Melissa Jackson
25	1	1.05	18	4	156	Vanessa Carter
19	1	6.13	88	0	233	Tony Fitzgerald
34	0	9.47	34	7	71	Robert Fuller
25	1	7.13	0	1	159	Gina Frey
6	1	0.79	21	7	47	Larry Diaz
26	1	1.39	51	0	191	Elizabeth Alexander
1	0	4.44	50	7	72	Kevin Patrick
31	1	1.28	20	17	174	James Baker
6	1	4.77	73	10	143	Joseph Smith
20	1	3.06	9	8	110	Joshua Sweeney
19	1	4.21	27	0	154	Kari Miller DDS
37	0	5.52	31	7	47	Alexander Gentry
22	1	6.28	16	19	154	Thomas Miranda
17	1	2.66	48	12	123	Dr. James Fleming MD
26	1	6.67	28	0	188	Kelsey Mendoza
19	1	2.23	66	5	147	Charles Castillo
25	1	1.11	9	12	143	Danny Walton
37	1	1.66	2	20	188	Michele Garcia
15	1	7.5	9	1	105	William Peters
0	1	7.18	59	8	116	Erica Welch
24	0	4.14	53	9	72	Kaylee Scott
22	1	5.43	37	16	167	Leah Warner
20	1	6.61	22	18	161	Raymond Flores
0	1	1.44	9	19	8	Allen Morrow
33	0	2.07	41	6	13	Stephanie James MD
18	1	2.89	41	20	128	Elizabeth Anderson
1	1	2.28	57	3	47	Rhonda Martinez
8	1	8.02	100	15	257	Debbie Lopez
23	1	2.99	34	17	160	Samantha Hernandez
38	1	1.95	32	0	231	Dana Wright
21	1	7.43	35	0	179	Brandon Reeves
35	1	0.46	27	18	198	Angela Taylor
34	1	1.71	82	12	228	George Key
8	0	7.7	77	8	143	Wayne Hanson
28	1	9.95	44	12	280	John Smith DDS
23	1	8.81	26	10	197	Nathan Joseph
7	1	7.79	72	12	176	Gregory Brown
23	1	9.36	38	3	225	Steve Brown
32	0	4.8	80	6	103	Wanda Klein
25	1	7.47	93	1	332	Samuel Martin
18	1	4.93	14	9	144	James Farley
34	1	3.52	76	7	272	Jeffrey Hernandez
19	1	1.55	40	3	136	Carrie Sanchez
21	1	2.21	30	16	145	Robert Cline
39	1	8.94	83	18	396	Eugene Malone
13	0	0.93	12	4	20	Mary Montgomery
22	1	4.26	50	8	167	Tyler Willis
22	0	7.54	91	14	151	Brandi Yang
27	1	5.94	96	0	303	Gregory Dean
17	0	3.01	47	17	7	Miss Christy Hernandez
6	0	2.19	92	7	40	Sarah Perkins
1	1	4.0	8	6	41	Carrie Smith
29	0	0.65	24	12	0	Riley Lee
14	1	2.79	29	8	103	Desiree Hicks
27	1	2.42	51	13	180	Sarah Carroll
11	1	7.28	52	0	160	Ronald Green
19	0	3.88	98	11	78	Matthew Solis
8	1	9.4	87	1	272	Sherry Johnson
34	1	6.43	14	1	216	Max Hernandez
9	1	0.18	13	17	58	Misty Brown
24	1	1.29	25	20	146	Wesley Brown
15	1	0.22	38	0	92	Deanna Smith
24	1	2.43	74	7	193	Adrian Williams
29	1	3.79	64	13	206	Shane Michael
3	1	8.5	77	3	196	Ronald Dyer
24	0	8.58	25	10	68	Mariah Rodriguez
40	1	0.52	74	19	237	Jessica Taylor
7	1	3.68	6	16	62	Megan Green
34	0	9.34	45	6	125	Bonnie Daniels
9	1	5.86	83	8	179	Nancy Anderson
33	1	7.93	0	2	215	Frances Short
18	1	2.69	11	19	124	Jennifer Gomez
2	1	3.11	17	5	34	Steven Tran
9	1	4.62	60	19	140	Michael Trevino
6	1	8.42	56	12	180	Robert Watts
36	1	6.39	6	3	215	John Pena
15	1	8.78	98	1	285	Rachel Greer
34	1	0.21	7	18	170	Brittany Chen
3	1	5.45	26	11	64	Theresa Ware
26	0	3.52	71	1	60	Ryan Thomas
18	1	8.84	47	10	219	Micheal Allison
3	1	4.25	19	14	49	Eric Brandt
4	0	7.1	23	0	53	Ariel Lopez
19	1	0.7	47	11	102	Daniel Holmes
7	1	3.08	62	19	78	Timothy Brooks
38	1	5.52	87	19	311	Darrell Castillo
20	1	4.53	63	19	188	Kyle Garrison
1	1	6.47	68	10	133	Danielle Cruz
24	1	1.05	58	5	152	Regina Rodriguez
14	0	3.27	69	4	72	Kathryn Newman
35	0	5.75	34	9	61	Sarah Lester
39	1	1.78	83	7	241	Gregg Durham
20	0	8.13	73	16	151	Jessica Walker
13	0	7.07	83	19	112	Anthony Ford
15	1	3.38	89	9	151	Andre Mcdonald
35	1	5.06	66	1	293	Megan Dunn
5	1	6.22	35	5	99	Dana Miranda
23	0	8.74	71	8	137	Troy Delgado Jr.
17	1	1.32	37	1	129	Caitlyn Harris
19	1	3.09	97	1	192	Frank Espinoza
29	1	0.59	18	17	169	Angie Silva
19	1	2.04	100	8	171	Amanda Foster
24	1	0.37	46	13	143	Abigail Butler
6	1	9.33	60	16	167	Brian Mitchell
34	1	7.21	82	11	336	Diane Garcia
33	1	6.22	44	5	257	Allison Owens
32	1	3.66	10	16	181	Ryan Cooper
21	1	2.18	75	20	138	Kevin Schultz
0	1	8.29	67	11	149	Cheryl Newman
7	1	2.38	4	7	70	Thomas Clarke
29	1	2.36	82	6	213	Stephanie Greene
15	1	2.13	61	12	109	Martha Chandler
16	1	6.53	28	12	148	Amy Little
32	1	8.54	7	4	194	Brian Parks
15	1	1.94	75	16	142	Connie Stanley
17	1	8.72	43	6	219	Susan Thomas
15	0	1.06	45	20	0	Dr. John King
32	1	4.51	20	12	195	Andrew Drake
37	0	5.77	23	7	32	Katie Kelley
32	1	6.35	34	11	239	Jason Davis
40	1	0.78	57	17	240	Sara Perry
32	1	7.67	61	15	282	Joshua Morris
4	1	4.64	33	5	74	Misty Valdez
8	0	5.53	48	4	62	Nicholas Randall
33	1	3.96	13	4	198	Kristi Byrd
5	1	6.27	50	14	103	Paula Delgado
18	1	7.19	48	11	193	Benjamin Jones
36	0	3.03	53	0	67	Edgar Jones
33	1	4.61	51	0	249	Colin Hicks
16	1	1.93	15	4	90	James Thompson
33	1	5.47	90	18	281	Sheena Brown
20	1	7.91	72	8	274	Jake Donovan
18	1	9.6	93	8	312	Brittney Jackson
7	1	7.91	74	8	176	Dr. Jesse Martin
37	1	4.01	72	14	270	Tracy Blake
7	1	2.9	78	2	102	Ashley Le
29	1	5.59	54	19	234	Dana Walker
5	1	5.17	60	1	132	Jerry Bryant
12	1	1.24	69	11	115	Nancy Williams DDS
14	1	7.39	86	10	252	Bryan Williamson
1	1	0.09	63	17	18	Jennifer Keller
30	1	4.93	75	2	262	Jennifer Shah
31	1	4.42	92	20	272	Robert Turner
30	1	8.96	8	18	203	John Hernandez
36	0	5.3	94	9	125	James Kelley
28	1	7.11	74	16	259	William Johnson
7	1	9.91	68	7	220	Sandra Phillips DDS
36	1	0.48	46	16	213	Sharon Torres
36	0	6.79	46	0	88	Jessica Friedman
10	1	1.21	7	5	61	Brian Walker
18	1	8.06	71	15	252	Jeanette Rodriguez
6	0	0.68	89	5	35	Brandon Grant
11	1	1.14	47	20	71	Michael West
17	1	9.1	67	17	250	Andrea Williams
39	0	4.73	90	19	102	Chad Bass
8	1	2.79	41	17	93	Scott Hines
0	1	1.03	89	12	57	Angela White
8	1	1.77	25	5	62	Julie Hudson
1	1	4.14	31	11	61	Brittney Vaughn
7	1	4.33	65	9	105	Robert Christensen
7	1	9.47	100	7	274	Jon Olsen
5	1	5.57	35	7	88	Travis Fox
33	1	1.84	95	17	212	Sarah Wheeler
38	0	6.11	78	3	139	Laura Lopez
38	1	1.82	80	15	229	Henry Kelly
35	1	5.36	42	11	264	Priscilla Harrison
2	1	8.13	94	15	205	Angela Hoffman
34	1	5.88	97	19	306	Kelly Shepard DDS
40	1	2.36	26	12	231	Aaron Carpenter
13	1	2.15	64	13	134	Joseph Martin
8	1	0.79	47	2	96	Robert Morales
39	0	1.06	12	11	13	Matthew Armstrong
37	0	0.15	23	8	9	Michael Williams
17	1	1.34	91	14	135	Ronald Morales
37	1	0.51	18	15	216	David Rhodes
20	1	8.01	52	6	229	Adam Miller
24	1	8.84	16	15	182	Dawn Carter
0	0	4.81	28	20	34	Katherine Moore
15	1	9.18	13	6	127	Andrew Robinson
24	1	8.01	4	2	154	Alexander Thompson
25	1	4.0	70	8	234	Ryan Nichols
18	1	6.67	84	15	222	Jose Butler
25	1	5.02	92	10	275	Cheryl Smith
27	1	9.44	13	8	198	Sarah Duncan
17	0	5.0	30	15	21	Jennifer Miller
20	1	3.66	67	5	188	Michelle Thornton
5	0	7.34	12	5	19	Jonathan Cole
0	1	9.51	16	16	69	Ryan Peterson
27	0	6.23	5	18	9	James Brown
29	1	6.51	82	15	289	Teresa Ruiz
38	0	3.05	71	4	50	Amber Potts
25	0	6.36	38	5	80	Collin Barry
32	1	1.86	43	3	210	Kelly Clark
6	1	7.26	59	13	156	Courtney Johnson
40	1	4.86	79	16	291	James Yu
5	0	4.33	89	6	101	Ashley Randolph
5	1	4.51	99	16	153	Teresa Gonzalez
37	1	4.74	92	20	290	George Lee
30	1	3.73	64	4	224	Stacy Lee
8	1	4.2	95	19	157	Mary Deleon MD
35	0	2.85	96	12	58	Joel Harris
2	0	9.8	76	11	169	Kenneth Yates
31	1	2.91	29	20	185	Kristen Griffin
17	1	9.76	30	7	202	Christina Scott
0	1	0.64	8	12	0	Kevin Walker
0	1	9.57	34	12	111	Anthony Williams
21	1	4.35	29	1	180	Dr. Shane Williams
14	1	0.18	92	6	93	Claudia Morris
9	1	5.14	81	7	152	Adam Martinez
21	1	7.05	32	18	192	Pamela Little
10	0	8.99	94	20	168	Donna Miller
38	1	1.19	74	2	253	Joseph Gordon
6	1	9.5	45	18	137	Christina Mendoza
9	0	0.37	78	12	4	Sean Keller
14	1	4.21	54	15	133	Sylvia Lopez
16	1	6.07	96	8	258	Julian Bender
11	0	7.29	81	5	153	Bryan Scott MD
31	1	1.34	83	8	198	Maria Baker
21	1	2.45	46	13	142	Whitney Benjamin
22	1	0.29	61	9	148	David Kelly
27	1	0.14	13	11	148	Seth Fleming MD
26	1	6.26	87	4	300	Jordan Robertson
1	0	8.21	73	11	148	Katrina Lambert
19	1	3.16	28	2	160	John Crawford
15	0	5.59	1	2	13	Gregory Robinson
30	1	1.4	7	10	169	Jessica Cortez
15	1	3.96	16	0	111	Jessica Holmes
18	1	7.94	14	13	143	David Mills
0	1	8.44	15	20	34	Amanda Jacobs
20	0	0.32	84	12	27	Ashley Hancock
12	1	9.34	92	5	269	Andrew Jordan
25	1	1.96	2	7	159	James Barrett
17	1	8.31	56	18	189	David Whitaker
31	1	5.61	4	18	183	Casey Love
15	1	7.08	78	10	211	Christopher Parker
38	0	5.65	14	15	25	Mr. Brett Wells DDS
39	1	4.67	8	12	221	Jonathan Schroeder
10	0	8.09	16	18	30	Jeffrey Wiggins
6	0	8.22	39	6	71	Connie Sharp
20	1	4.57	2	12	118	Mary Black DVM
28	1	8.74	86	14	349	Tammy Best DDS
13	1	9.04	49	12	174	Ashley Livingston
24	1	2.54	66	8	185	Christopher Mason
5	0	6.41	41	4	66	Patrick Davis
40	1	0.59	68	1	232	Teresa Mccarthy
23	1	2.05	43	11	144	Marcia Jenkins
13	1	4.75	83	20	172	Alyssa Lopez
16	1	5.1	86	11	220	Brooke Stout
28	0	2.34	87	0	64	Joshua Cobb
26	0	2.6	98	0	76	Rebecca Phillips MD
30	0	1.48	48	17	0	Paul Robinson
38	1	7.72	3	15	218	Robert Sullivan
7	1	2.81	3	5	74	Peter Lee
40	1	5.67	69	6	324	Zachary Obrien
31	1	2.99	36	12	215	Aaron Bryan
30	1	6.18	47	20	219	Robert Brooks
28	1	5.02	36	4	224	William Bright
23	1	0.62	54	9	156	Ronald Gibson
31	0	6.08	11	2	35	Julie Perez
16	1	7.27	49	7	192	Timothy Snow
20	1	3.66	28	8	132	Richard Kirby
5	1	9.93	52	11	177	Caitlyn Peters
36	0	0.02	92	4	12	Lisa Robbins
39	1	7.88	52	0	317	Becky Bernard
29	0	1.64	73	15	21	Gary Robbins
37	0	8.97	78	2	171	Debra Clark
5	1	1.3	39	11	67	Tiffany Bates
14	1	1.32	24	20	80	Amy Garcia
20	1	9.35	19	14	180	Robert Diaz
24	1	8.41	47	19	210	Eric Mcgee
4	1	0.84	76	17	48	Jennifer Ward
15	1	1.17	94	18	115	Maria Rodriguez
22	1	8.08	95	20	292	William Dean
27	1	3.39	28	9	170	Jessica Smith
5	1	2.03	91	17	77	Brandon Torres
17	1	8.91	10	14	122	Mary Gordon
40	0	6.76	95	9	151	Richard Burch
7	1	7.79	2	13	72	David Knight
11	1	3.69	61	20	134	Jessica Rollins
26	0	5.28	1	18	0	Walter Smith
14	1	6.1	5	5	88	Patricia Hill
29	1	5.17	10	10	195	Kristina Johnson
26	0	4.28	91	14	88	Justin Wyatt
8	1	4.04	73	3	128	Alicia Rivera
11	1	2.18	61	10	94	Katherine Jensen
2	1	7.6	77	9	157	Erin Ferguson
37	0	0.33	22	5	0	Darrell Robertson
27	1	3.22	23	7	182	Samantha Shaw
16	1	2.01	72	6	144	Kristin Hicks
22	1	8.74	19	19	165	Anthony Carter
28	1	3.37	92	9	240	Bradley Holden
32	1	4.58	1	1	174	Catherine Garcia
27	1	1.92	71	17	176	Karen Buchanan
11	1	2.23	14	12	82	Courtney Hudson
24	0	5.05	24	12	42	Derek Torres
9	1	5.38	16	7	79	Michael Turner
27	1	0.42	88	1	164	Peter Perkins
33	1	9.22	53	12	305	Terri Martinez
14	1	2.52	100	11	173	Emily Bean
11	0	2.87	82	3	83	Kristin Porter
16	1	3.85	66	9	146	Mrs. Jessica Brown
13	1	8.9	91	6	269	Betty Reynolds
8	0	3.59	70	15	50	Michael Tucker
6	1	0.9	67	2	92	Thomas Watts
26	0	2.87	89	13	82	Cody Richards
1	1	1.41	6	17	5	Tanya Moore
28	1	9.72	6	18	183	Amanda Ritter
23	1	3.71	83	12	204	Regina Savage
7	0	3.69	10	3	0	Bobby Ramos
29	1	8.21	39	8	251	Patricia Miller
32	1	3.97	17	7	213	Steve Davila
16	1	5.7	22	13	142	David Webb
33	0	5.86	42	7	67	Benjamin Wilson
6	0	9.84	89	13	209	Angelica Shaw
29	1	9.27	39	10	259	Kimberly Brooks
39	0	2.16	57	20	12	Ashley Brown
17	1	6.01	71	3	210	Melissa Curtis
33	1	5.44	73	18	255	David Schmidt
16	1	7.39	68	20	196	Kathy Roth
18	1	8.06	33	8	190	Kayla Johnson
37	0	9.9	11	1	48	Tammy Rosales
36	0	1.67	2	5	0	Christine Jackson
39	1	2.53	82	11	286	Julia Macdonald
9	1	9.57	8	4	84	Brian Thomas
22	1	7.01	54	16	218	Mackenzie Hansen
19	1	9.01	96	4	314	Michael Hernandez
21	1	9.77	78	14	314	Michelle Berger
19	0	1.4	86	10	41	Julie Bush
10	0	4.59	28	3	36	Jared King
21	0	7.62	3	15	0	Joseph York
7	0	7.26	26	4	65	Matthew Jensen
16	1	4.35	66	16	154	Bradley Lyons
10	0	2.8	92	13	52	Christopher Wong
33	1	0.04	67	6	211	Paige Hurst
20	1	6.15	33	4	176	Margaret Carney
39	1	9.27	79	4	382	Samuel Vargas
26	1	5.65	63	15	225	Brent Luna
20	1	1.09	15	16	103	Nancy Ramos
4	0	2.14	85	2	45	Ashley Gray
5	1	5.77	54	17	124	Michelle Huff
16	1	3.49	51	7	149	Jason Miles
6	1	7.36	84	9	184	Zachary Day
0	1	9.26	64	8	164	Scott Fields
40	1	6.27	27	17	274	Alan Davis
40	1	0.67	36	6	214	Sheila Morgan
38	1	2.12	88	0	256	Hailey Torres
30	1	0.27	99	15	175	Mary Lopez
32	0	4.96	52	14	45	Michael Sharp
40	0	0.93	26	13	11	Brad Hall
26	1	6.38	66	9	246	Justin Diaz
36	1	6.96	40	7	270	Cristian Miller
10	1	5.01	46	10	130	Matthew Jimenez
0	1	9.51	50	11	144	Wesley Weiss
39	0	7.98	32	19	66	Travis Carney
35	1	2.15	24	2	207	Nathaniel Kelly
9	1	9.91	45	1	164	Alicia Hicks
14	0	4.1	48	16	57	Anthony Nguyen
24	1	8.78	20	9	194	Angela Mccann
15	1	0.32	53	13	78	Fernando Leblanc
23	1	8.5	45	16	233	Michelle Campbell
38	1	4.37	68	4	305	Ruben Wright Jr.
7	1	9.79	38	7	165	Patricia Davis
16	1	4.64	98	1	234	Nancy Barnes
25	1	0.36	6	14	139	Joseph Malone
33	1	1.78	36	0	192	Laura Woodard
33	1	1.26	58	11	210	Anne Flores
3	1	8.12	76	9	182	Daniel Lucas
6	1	3.33	40	11	67	Frank Adams
8	1	1.37	33	9	88	Jamie Wolfe
15	0	1.5	14	14	0	Austin Johnson
25	1	6.08	91	2	303	Christopher Lester
16	1	8.4	92	11	289	Scott Collins DVM
36	1	1.14	0	0	187	Susan Nelson
3	0	0.78	30	1	31	Vincent Allen
5	0	1.97	53	17	10	Dylan Allison
34	1	0.99	92	3	246	Brad Wright
30	1	7.52	57	16	248	Darlene Norris
11	0	0.13	8	16	0	Elizabeth Shepherd
40	1	8.95	95	5	439	Julie Hinton
38	1	2.97	38	4	235	Thomas Hunt
36	1	9.47	55	20	332	John Thomas
19	0	2.43	46	8	43	Elizabeth Sloan
17	1	1.35	20	7	127	Katelyn Mckay
2	1	4.8	91	5	160	Matthew Gallegos
27	1	9.9	92	7	380	Danielle Jackson
33	1	4.14	23	10	224	Sandy Horn
16	0	3.19	15	14	12	Anna Martin
22	0	4.65	38	2	59	Michael Wall
24	0	7.81	43	3	100	William Rowland
14	1	7.26	66	1	212	Calvin Jones
19	1	3.84	39	17	148	Stephanie Ray
8	1	4.1	76	17	142	Felicia Padilla
25	0	1.66	13	5	24	Melissa Smith
20	1	8.95	52	11	230	Kim Shelton
16	1	9.4	91	15	284	Sierra Chavez
39	1	2.58	47	0	241	Eric Wagner
